entry_id,source,native_dataset,old_domain,classification,target_direction,notes,evidence,new_dataset,reader_code,adapter_code,schema_code,unit,target_entry,implementation,capability_limitations,production_data_checked
E01,tonghuashun,stock_daily_dump,operations.import_progress,ingestion_channel,原生导入进度；输出路由到行情/事件,通道不是独立正式行情；保留已下载暂存与采集进度,"R01 SOURCE_DATASETS; disposition is new design, not production result",,backend/app/data_store/local_sources.py:NativeSources.iter_entry / RescueSources.iter_entry,backend/app/data_store/pipeline.py:run_local,none: native operational/support only,ingestion_channel,E50,code_implemented_review_pending,"[""native_support_not_a_business_copy""]",false
E02,tonghuashun,stock_recent_dump,operations.import_progress,ingestion_channel,原生导入进度；输出路由到行情/事件,通道不是独立正式行情；保留已下载暂存与采集进度,"R01 SOURCE_DATASETS; disposition is new design, not production result",,backend/app/data_store/local_sources.py:NativeSources.iter_entry / RescueSources.iter_entry,backend/app/data_store/pipeline.py:run_local,none: native operational/support only,ingestion_channel,E50,code_implemented_review_pending,"[""native_support_not_a_business_copy""]",false
E03,tonghuashun,stock_actions_dump,operations.import_progress,ingestion_channel,原生导入进度；输出路由到行情/事件,通道不是独立正式行情；保留已下载暂存与采集进度,"R01 SOURCE_DATASETS; disposition is new design, not production result",,backend/app/data_store/local_sources.py:NativeSources.iter_entry / RescueSources.iter_entry,backend/app/data_store/pipeline.py:run_local,none: native operational/support only,ingestion_channel,E22,code_implemented_review_pending,"[""native_support_not_a_business_copy""]",false
E04,tonghuashun,fund_news,fund.news_window,business,当前业务对象/集合；保留真实业务日期，不保留发布版本,复用可证实语义；未证实字段/能力明确受限,"R01 SOURCE_DATASETS; disposition is new design, not production result",fund.news.reported,backend/app/data_store/local_sources.py:NativeSources.iter_entry / RescueSources.iter_entry,backend/app/data_store/adapters/normalize.py:normalize,backend/app/data_store/adapters/registry.py:E04; layout.Layout,series,,code_implemented_review_pending,"[""source_local_identity_only"", ""observed_time_only"", ""historical_public_time_unverified"", ""source_reports_not_verified_market_events"", ""source_window_only""]",false
E05,tonghuashun,anomaly_stock,market.stock_anomaly_window,business,当前业务对象/集合；保留真实业务日期，不保留发布版本,复用可证实语义；未证实字段/能力明确受限,"R01 SOURCE_DATASETS; disposition is new design, not production result",market.stock_anomaly.reported,backend/app/data_store/local_sources.py:NativeSources.iter_entry / RescueSources.iter_entry,backend/app/data_store/adapters/normalize.py:normalize,backend/app/data_store/adapters/registry.py:E05; layout.Layout,snapshot,,code_implemented_review_pending,"[""source_local_identity_only"", ""observed_time_only"", ""historical_public_time_unverified"", ""source_reports_not_verified_market_events"", ""source_window_only""]",false
E06,tonghuashun,rank_trend,market.rank_trend_window,business,类型化时间序列分片，不存完整历史points JSON,窗口拆成业务记录；单份当前值；有效来源先后及缺口语义保留,"R01 SOURCE_DATASETS; disposition is new design, not production result",market.rank_trend.reported,backend/app/data_store/local_sources.py:NativeSources.iter_entry / RescueSources.iter_entry,backend/app/data_store/adapters/normalize.py:normalize,backend/app/data_store/adapters/registry.py:E06; layout.Layout,series,,code_implemented_review_pending,"[""source_local_identity_only"", ""observed_time_only"", ""historical_public_time_unverified"", ""source_reports_not_verified_market_events"", ""source_window_only""]",false
E07,tonghuashun,fund_holdings,fund.reported_holdings_window,business,当前报告/完整集合，保留不同报告期,完整对象原子替换；不把report_date冒充公开可用时间,"R01 SOURCE_DATASETS; disposition is new design, not production result",fund.reported_holdings.reported,backend/app/data_store/local_sources.py:NativeSources.iter_entry / RescueSources.iter_entry,backend/app/data_store/adapters/normalize.py:normalize,backend/app/data_store/adapters/registry.py:E07; layout.Layout,group,,code_implemented_review_pending,"[""source_local_identity_only"", ""observed_time_only"", ""historical_public_time_unverified"", ""historical_member_identity_unresolved"", ""portfolio_completeness_unverified""]",false
E08,tonghuashun,fund_stock_history,fund.reported_stock_holdings_window,business,当前报告/完整集合，保留不同报告期,完整对象原子替换；不把report_date冒充公开可用时间,"R01 SOURCE_DATASETS; disposition is new design, not production result",fund.reported_stock_holdings.reported,backend/app/data_store/local_sources.py:NativeSources.iter_entry / RescueSources.iter_entry,backend/app/data_store/adapters/normalize.py:normalize,backend/app/data_store/adapters/registry.py:E08; layout.Layout,reports,,code_implemented_review_pending,"[""source_local_identity_only"", ""observed_time_only"", ""historical_public_time_unverified"", ""historical_member_identity_unresolved"", ""portfolio_completeness_unverified""]",false
E09,tonghuashun,fund_bond_history,fund.reported_bond_holdings_window,business,当前报告/完整集合，保留不同报告期,完整对象原子替换；不把report_date冒充公开可用时间,"R01 SOURCE_DATASETS; disposition is new design, not production result",fund.reported_bond_holdings.reported,backend/app/data_store/local_sources.py:NativeSources.iter_entry / RescueSources.iter_entry,backend/app/data_store/adapters/normalize.py:normalize,backend/app/data_store/adapters/registry.py:E09; layout.Layout,reports,,code_implemented_review_pending,"[""source_local_identity_only"", ""observed_time_only"", ""historical_public_time_unverified"", ""historical_member_identity_unresolved"", ""portfolio_completeness_unverified""]",false
E10,tonghuashun,stock_indicators,market.financial_indicator_window,business,当前报告/完整集合，保留不同报告期,完整对象原子替换；不把report_date冒充公开可用时间,"R01 SOURCE_DATASETS; disposition is new design, not production result",market.financial_indicator.reported,backend/app/data_store/local_sources.py:NativeSources.iter_entry / RescueSources.iter_entry,backend/app/data_store/adapters/normalize.py:normalize,backend/app/data_store/adapters/registry.py:E10; layout.Layout,reports,,code_implemented_review_pending,"[""source_local_identity_only"", ""observed_time_only"", ""historical_public_time_unverified"", ""provider_indicator_formula_and_units_unverified"", ""historical_vintages_unverified""]",false
E11,tonghuashun,fund_financial_indicators,fund.financial_indicator_window,business,当前报告/完整集合，保留不同报告期,完整对象原子替换；不把report_date冒充公开可用时间,"R01 SOURCE_DATASETS; disposition is new design, not production result",fund.financial_indicator.reported,backend/app/data_store/local_sources.py:NativeSources.iter_entry / RescueSources.iter_entry,backend/app/data_store/adapters/normalize.py:normalize,backend/app/data_store/adapters/registry.py:E11; layout.Layout,reports,,code_implemented_review_pending,"[""source_local_identity_only"", ""observed_time_only"", ""historical_public_time_unverified"", ""provider_accounting_basis_unverified"", ""historical_vintages_unverified""]",false
E12,tonghuashun,fund_income,fund.income_window,business,当前报告/完整集合，保留不同报告期,完整对象原子替换；不把report_date冒充公开可用时间,"R01 SOURCE_DATASETS; disposition is new design, not production result",fund.income.reported,backend/app/data_store/local_sources.py:NativeSources.iter_entry / RescueSources.iter_entry,backend/app/data_store/adapters/normalize.py:normalize,backend/app/data_store/adapters/registry.py:E12; layout.Layout,reports,,code_implemented_review_pending,"[""source_local_identity_only"", ""observed_time_only"", ""historical_public_time_unverified"", ""provider_accounting_basis_unverified"", ""historical_vintages_unverified""]",false
E13,tonghuashun,fund_balance,fund.balance_window,business,当前报告/完整集合，保留不同报告期,完整对象原子替换；不把report_date冒充公开可用时间,"R01 SOURCE_DATASETS; disposition is new design, not production result",fund.balance.reported,backend/app/data_store/local_sources.py:NativeSources.iter_entry / RescueSources.iter_entry,backend/app/data_store/adapters/normalize.py:normalize,backend/app/data_store/adapters/registry.py:E13; layout.Layout,reports,,code_implemented_review_pending,"[""source_local_identity_only"", ""observed_time_only"", ""historical_public_time_unverified"", ""provider_accounting_basis_unverified"", ""historical_vintages_unverified""]",false
E14,tonghuashun,stock_income,market.income_window,business,当前报告/完整集合，保留不同报告期,完整对象原子替换；不把report_date冒充公开可用时间,"R01 SOURCE_DATASETS; disposition is new design, not production result",market.income.reported,backend/app/data_store/local_sources.py:NativeSources.iter_entry / RescueSources.iter_entry,backend/app/data_store/adapters/normalize.py:normalize,backend/app/data_store/adapters/registry.py:E14; layout.Layout,reports,,code_implemented_review_pending,"[""source_local_identity_only"", ""observed_time_only"", ""historical_public_time_unverified"", ""provider_accounting_basis_unverified"", ""historical_vintages_unverified""]",false
E15,tonghuashun,stock_balance,market.balance_window,business,当前报告/完整集合，保留不同报告期,完整对象原子替换；不把report_date冒充公开可用时间,"R01 SOURCE_DATASETS; disposition is new design, not production result",market.balance.reported,backend/app/data_store/local_sources.py:NativeSources.iter_entry / RescueSources.iter_entry,backend/app/data_store/adapters/normalize.py:normalize,backend/app/data_store/adapters/registry.py:E15; layout.Layout,reports,,code_implemented_review_pending,"[""source_local_identity_only"", ""observed_time_only"", ""historical_public_time_unverified"", ""provider_accounting_basis_unverified"", ""historical_vintages_unverified""]",false
E16,tonghuashun,stock_cash_flow,market.cash_flow_window,business,当前报告/完整集合，保留不同报告期,完整对象原子替换；不把report_date冒充公开可用时间,"R01 SOURCE_DATASETS; disposition is new design, not production result",market.cash_flow.reported,backend/app/data_store/local_sources.py:NativeSources.iter_entry / RescueSources.iter_entry,backend/app/data_store/adapters/normalize.py:normalize,backend/app/data_store/adapters/registry.py:E16; layout.Layout,reports,,code_implemented_review_pending,"[""source_local_identity_only"", ""observed_time_only"", ""historical_public_time_unverified"", ""provider_accounting_basis_unverified"", ""historical_vintages_unverified""]",false
E17,tonghuashun,fund_allocation,fund.allocation_window,business,当前报告/完整集合，保留不同报告期,完整对象原子替换；不把report_date冒充公开可用时间,"R01 SOURCE_DATASETS; disposition is new design, not production result",fund.allocation.reported,backend/app/data_store/local_sources.py:NativeSources.iter_entry / RescueSources.iter_entry,backend/app/data_store/adapters/normalize.py:normalize,backend/app/data_store/adapters/registry.py:E17; layout.Layout,group,,code_implemented_review_pending,"[""source_local_identity_only"", ""observed_time_only"", ""historical_public_time_unverified"", ""provider_units_unverified"", ""source_occurrences_not_resolved""]",false
E18,tonghuashun,fund_industry,fund.industry_window,business,当前报告/完整集合，保留不同报告期,完整对象原子替换；不把report_date冒充公开可用时间,"R01 SOURCE_DATASETS; disposition is new design, not production result",fund.industry.reported,backend/app/data_store/local_sources.py:NativeSources.iter_entry / RescueSources.iter_entry,backend/app/data_store/adapters/normalize.py:normalize,backend/app/data_store/adapters/registry.py:E18; layout.Layout,group,,code_implemented_review_pending,"[""source_local_identity_only"", ""observed_time_only"", ""historical_public_time_unverified"", ""provider_units_unverified"", ""source_occurrences_not_resolved""]",false
E19,tonghuashun,fund_holders,fund.holder_composition_window,business,当前报告/完整集合，保留不同报告期,完整对象原子替换；不把report_date冒充公开可用时间,"R01 SOURCE_DATASETS; disposition is new design, not production result",fund.holder_composition.reported,backend/app/data_store/local_sources.py:NativeSources.iter_entry / RescueSources.iter_entry,backend/app/data_store/adapters/normalize.py:normalize,backend/app/data_store/adapters/registry.py:E19; layout.Layout,group,,code_implemented_review_pending,"[""source_local_identity_only"", ""observed_time_only"", ""historical_public_time_unverified"", ""provider_units_unverified"", ""source_occurrences_not_resolved""]",false
E20,tonghuashun,fund_top_holders,fund.top_holder_window,business,当前报告/完整集合，保留不同报告期,完整对象原子替换；不把report_date冒充公开可用时间,"R01 SOURCE_DATASETS; disposition is new design, not production result",fund.top_holder.reported,backend/app/data_store/local_sources.py:NativeSources.iter_entry / RescueSources.iter_entry,backend/app/data_store/adapters/normalize.py:normalize,backend/app/data_store/adapters/registry.py:E20; layout.Layout,group,,code_implemented_review_pending,"[""source_local_identity_only"", ""observed_time_only"", ""historical_public_time_unverified"", ""provider_units_unverified"", ""source_occurrences_not_resolved""]",false
E21,tonghuashun,fund_dividends,fund.dividend_window,business,当前事件/状态事实；业务键去重,时间/单位/生效含义保留；事件缺失不推断无事件，记录更正替换而非留发布历史,"R01 SOURCE_DATASETS; disposition is new design, not production result",fund.dividend.reported,backend/app/data_store/local_sources.py:NativeSources.iter_entry / RescueSources.iter_entry,backend/app/data_store/adapters/normalize.py:normalize,backend/app/data_store/adapters/registry.py:E21; layout.Layout,group,,code_implemented_review_pending,"[""source_local_identity_only"", ""observed_time_only"", ""historical_public_time_unverified"", ""reported_events_not_execution"", ""provider_units_and_tax_basis_unverified""]",false
E22,tonghuashun,stock_actions,market.corporate_action_window,business,当前事件/状态事实；业务键去重,时间/单位/生效含义保留；事件缺失不推断无事件，记录更正替换而非留发布历史,"R01 SOURCE_DATASETS; disposition is new design, not production result",market.corporate_action.reported,backend/app/data_store/local_sources.py:NativeSources.iter_entry / RescueSources.iter_entry,backend/app/data_store/adapters/normalize.py:normalize,backend/app/data_store/adapters/registry.py:E22; layout.Layout,group,,code_implemented_review_pending,"[""source_local_identity_only"", ""observed_time_only"", ""historical_public_time_unverified"", ""reported_events_not_execution"", ""source_occurrences_not_resolved""]",false
E23,tonghuashun,fund_manager_performance,fund.manager_performance_window,business,类型化时间序列分片，不存完整历史points JSON,窗口拆成业务记录；单份当前值；有效来源先后及缺口语义保留,"R01 SOURCE_DATASETS; disposition is new design, not production result",fund.manager_performance.reported,backend/app/data_store/local_sources.py:NativeSources.iter_entry / RescueSources.iter_entry,backend/app/data_store/adapters/normalize.py:normalize,backend/app/data_store/adapters/registry.py:E23; layout.Layout,series,,code_implemented_review_pending,"[""source_local_identity_only"", ""observed_time_only"", ""historical_public_time_unverified"", ""provider_period_and_formula_unverified"", ""reported_series_not_proven_comparable""]",false
E24,tonghuashun,fund_manager_style,fund.manager_style_snapshot,business,当前业务对象/集合；保留真实业务日期，不保留发布版本,复用可证实语义；未证实字段/能力明确受限,"R01 SOURCE_DATASETS; disposition is new design, not production result",fund.manager_style.reported,backend/app/data_store/local_sources.py:NativeSources.iter_entry / RescueSources.iter_entry,backend/app/data_store/adapters/normalize.py:normalize,backend/app/data_store/adapters/registry.py:E24; layout.Layout,snapshot,,code_implemented_review_pending,"[""source_local_identity_only"", ""observed_time_only"", ""historical_public_time_unverified"", ""provider_vector_labels_unverified"", ""source_narrative_only""]",false
E25,tonghuashun,fund_returns,fund.return_snapshot,business,当前业务对象/集合；保留真实业务日期，不保留发布版本,复用可证实语义；未证实字段/能力明确受限,"R01 SOURCE_DATASETS; disposition is new design, not production result",fund.return.reported,backend/app/data_store/local_sources.py:NativeSources.iter_entry / RescueSources.iter_entry,backend/app/data_store/adapters/normalize.py:normalize,backend/app/data_store/adapters/registry.py:E25; layout.Layout,snapshot,,code_implemented_review_pending,"[""source_local_identity_only"", ""observed_time_only"", ""historical_public_time_unverified"", ""provider_period_and_formula_unverified"", ""observed_scope_only""]",false
E26,tonghuashun,fund_drawdowns,fund.drawdown_snapshot,business,当前业务对象/集合；保留真实业务日期，不保留发布版本,复用可证实语义；未证实字段/能力明确受限,"R01 SOURCE_DATASETS; disposition is new design, not production result",fund.drawdown.reported,backend/app/data_store/local_sources.py:NativeSources.iter_entry / RescueSources.iter_entry,backend/app/data_store/adapters/normalize.py:normalize,backend/app/data_store/adapters/registry.py:E26; layout.Layout,snapshot,,code_implemented_review_pending,"[""source_local_identity_only"", ""observed_time_only"", ""historical_public_time_unverified"", ""provider_period_and_formula_unverified"", ""observed_scope_only""]",false
E27,tonghuashun,fund_performance_history,fund.performance_window,business,类型化时间序列分片，不存完整历史points JSON,窗口拆成业务记录；单份当前值；有效来源先后及缺口语义保留,"R01 SOURCE_DATASETS; disposition is new design, not production result",fund.performance.reported,backend/app/data_store/local_sources.py:NativeSources.iter_entry / RescueSources.iter_entry,backend/app/data_store/adapters/normalize.py:normalize,backend/app/data_store/adapters/registry.py:E27; layout.Layout,series,,code_implemented_review_pending,"[""source_local_identity_only"", ""observed_time_only"", ""historical_public_time_unverified"", ""provider_period_and_formula_unverified"", ""observed_scope_only""]",false
E28,tonghuashun,dragon_tiger,market.dragon_tiger_snapshot,business,当前业务对象/集合；保留真实业务日期，不保留发布版本,复用可证实语义；未证实字段/能力明确受限,"R01 SOURCE_DATASETS; disposition is new design, not production result",market.dragon_tiger.reported,backend/app/data_store/local_sources.py:NativeSources.iter_entry / RescueSources.iter_entry,backend/app/data_store/adapters/normalize.py:normalize,backend/app/data_store/adapters/registry.py:E28; layout.Layout,snapshot,,code_implemented_review_pending,"[""source_local_identity_only"", ""observed_time_only"", ""historical_public_time_unverified"", ""provider_reported_semantics_only"", ""source_occurrences_not_resolved"", ""not_complete_market_universe""]",false
E29,tonghuashun,stock_auction,market.auction_snapshot,business,当前业务对象/集合；保留真实业务日期，不保留发布版本,复用可证实语义；未证实字段/能力明确受限,"R01 SOURCE_DATASETS; disposition is new design, not production result",market.auction.reported,backend/app/data_store/local_sources.py:NativeSources.iter_entry / RescueSources.iter_entry,backend/app/data_store/adapters/normalize.py:normalize,backend/app/data_store/adapters/registry.py:E29; layout.Layout,snapshot,,code_implemented_review_pending,"[""source_local_identity_only"", ""observed_time_only"", ""historical_public_time_unverified"", ""provider_reported_semantics_only"", ""not_complete_market_universe""]",false
E30,tonghuashun,auction_benchmark,market.auction_benchmark_snapshot,business,当前业务对象/集合；保留真实业务日期，不保留发布版本,复用可证实语义；未证实字段/能力明确受限,"R01 SOURCE_DATASETS; disposition is new design, not production result",market.auction_benchmark.reported,backend/app/data_store/local_sources.py:NativeSources.iter_entry / RescueSources.iter_entry,backend/app/data_store/adapters/normalize.py:normalize,backend/app/data_store/adapters/registry.py:E30; layout.Layout,snapshot,,code_implemented_review_pending,"[""source_local_identity_only"", ""observed_time_only"", ""historical_public_time_unverified"", ""provider_reported_semantics_only"", ""not_complete_market_universe""]",false
E31,tonghuashun,limit_up,market.limit_up_snapshot,business,当前业务对象/集合；保留真实业务日期，不保留发布版本,复用可证实语义；未证实字段/能力明确受限,"R01 SOURCE_DATASETS; disposition is new design, not production result",market.limit_up.reported,backend/app/data_store/local_sources.py:NativeSources.iter_entry / RescueSources.iter_entry,backend/app/data_store/adapters/normalize.py:normalize,backend/app/data_store/adapters/registry.py:E31; layout.Layout,snapshot,,code_implemented_review_pending,"[""source_local_identity_only"", ""observed_time_only"", ""historical_public_time_unverified"", ""provider_reported_semantics_only"", ""not_complete_market_universe""]",false
E32,tonghuashun,limit_down,market.limit_down_snapshot,business,当前业务对象/集合；保留真实业务日期，不保留发布版本,复用可证实语义；未证实字段/能力明确受限,"R01 SOURCE_DATASETS; disposition is new design, not production result",market.limit_down.reported,backend/app/data_store/local_sources.py:NativeSources.iter_entry / RescueSources.iter_entry,backend/app/data_store/adapters/normalize.py:normalize,backend/app/data_store/adapters/registry.py:E32; layout.Layout,snapshot,,code_implemented_review_pending,"[""source_local_identity_only"", ""observed_time_only"", ""historical_public_time_unverified"", ""provider_reported_semantics_only"", ""not_complete_market_universe""]",false
E33,tonghuashun,limit_break,market.limit_break_snapshot,business,当前业务对象/集合；保留真实业务日期，不保留发布版本,复用可证实语义；未证实字段/能力明确受限,"R01 SOURCE_DATASETS; disposition is new design, not production result",market.limit_break.reported,backend/app/data_store/local_sources.py:NativeSources.iter_entry / RescueSources.iter_entry,backend/app/data_store/adapters/normalize.py:normalize,backend/app/data_store/adapters/registry.py:E33; layout.Layout,snapshot,,code_implemented_review_pending,"[""source_local_identity_only"", ""observed_time_only"", ""historical_public_time_unverified"", ""provider_reported_semantics_only"", ""not_complete_market_universe""]",false
E34,tonghuashun,anomaly_list,market.anomaly_snapshot,business,当前业务对象/集合；保留真实业务日期，不保留发布版本,复用可证实语义；未证实字段/能力明确受限,"R01 SOURCE_DATASETS; disposition is new design, not production result",market.anomaly.reported,backend/app/data_store/local_sources.py:NativeSources.iter_entry / RescueSources.iter_entry,backend/app/data_store/adapters/normalize.py:normalize,backend/app/data_store/adapters/registry.py:E34; layout.Layout,snapshot,,code_implemented_review_pending,"[""source_local_identity_only"", ""observed_time_only"", ""historical_public_time_unverified"", ""provider_reported_semantics_only"", ""not_complete_market_universe""]",false
E35,tonghuashun,limit_ladder,market.limit_ladder_window,business,当前业务对象/集合；保留真实业务日期，不保留发布版本,复用可证实语义；未证实字段/能力明确受限,"R01 SOURCE_DATASETS; disposition is new design, not production result",market.limit_ladder.reported,backend/app/data_store/local_sources.py:NativeSources.iter_entry / RescueSources.iter_entry,backend/app/data_store/adapters/normalize.py:normalize,backend/app/data_store/adapters/registry.py:E35; layout.Layout,reports,,code_implemented_review_pending,"[""source_local_identity_only"", ""observed_time_only"", ""historical_public_time_unverified"", ""provider_reported_semantics_only"", ""not_complete_market_universe""]",false
E36,tonghuashun,stock_quote,market.stock_quote_snapshot,business,当前业务对象/集合；保留真实业务日期，不保留发布版本,复用可证实语义；未证实字段/能力明确受限,"R01 SOURCE_DATASETS; disposition is new design, not production result",market.stock_quote.reported,backend/app/data_store/local_sources.py:NativeSources.iter_entry / RescueSources.iter_entry,backend/app/data_store/adapters/normalize.py:normalize,backend/app/data_store/adapters/registry.py:E36; layout.Layout,snapshot,,code_implemented_review_pending,"[""source_local_identity_only"", ""observed_time_only"", ""historical_public_time_unverified"", ""provider_timestamp_not_business_date"", ""reported_values_only"", ""units_and_formulas_unverified""]",false
E37,tonghuashun,etf_quote,market.etf_quote_snapshot,business,当前业务对象/集合；保留真实业务日期，不保留发布版本,复用可证实语义；未证实字段/能力明确受限,"R01 SOURCE_DATASETS; disposition is new design, not production result",market.etf_quote.reported,backend/app/data_store/local_sources.py:NativeSources.iter_entry / RescueSources.iter_entry,backend/app/data_store/adapters/normalize.py:normalize,backend/app/data_store/adapters/registry.py:E37; layout.Layout,snapshot,,code_implemented_review_pending,"[""source_local_identity_only"", ""observed_time_only"", ""historical_public_time_unverified"", ""provider_timestamp_not_business_date"", ""reported_values_only"", ""units_and_formulas_unverified""]",false
E38,tonghuashun,index_quote,market.index_quote_snapshot,business,当前业务对象/集合；保留真实业务日期，不保留发布版本,复用可证实语义；未证实字段/能力明确受限,"R01 SOURCE_DATASETS; disposition is new design, not production result",market.index_quote.reported,backend/app/data_store/local_sources.py:NativeSources.iter_entry / RescueSources.iter_entry,backend/app/data_store/adapters/normalize.py:normalize,backend/app/data_store/adapters/registry.py:E38; layout.Layout,snapshot,,code_implemented_review_pending,"[""source_local_identity_only"", ""observed_time_only"", ""historical_public_time_unverified"", ""provider_timestamp_not_business_date"", ""reported_values_only"", ""units_and_formulas_unverified""]",false
E39,tonghuashun,stock_valuation,market.stock_valuation_snapshot,business,当前业务对象/集合；保留真实业务日期，不保留发布版本,复用可证实语义；未证实字段/能力明确受限,"R01 SOURCE_DATASETS; disposition is new design, not production result",market.stock_valuation.reported,backend/app/data_store/local_sources.py:NativeSources.iter_entry / RescueSources.iter_entry,backend/app/data_store/adapters/normalize.py:normalize,backend/app/data_store/adapters/registry.py:E39; layout.Layout,snapshot,,code_implemented_review_pending,"[""source_local_identity_only"", ""observed_time_only"", ""historical_public_time_unverified"", ""provider_timestamp_not_business_date"", ""reported_values_only"", ""units_and_formulas_unverified""]",false
E40,tonghuashun,tickers,instrument.reference,business,小型当前资料/日历（PG或列式二选一）,身份映射有依据才统一；历史业务区间保留,"R01 SOURCE_DATASETS; disposition is new design, not production result",instrument.reference.provider_reported,backend/app/data_store/local_sources.py:NativeSources.iter_entry / RescueSources.iter_entry,backend/app/data_store/adapters/normalize.py:normalize,backend/app/data_store/adapters/registry.py:E40; layout.Layout,reference,,code_implemented_review_pending,"[""source_local_identity_only"", ""observed_time_only"", ""historical_public_time_unverified""]",false
E41,tonghuashun,fund_company,fund.company,business,小型当前资料/日历（PG或列式二选一）,身份映射有依据才统一；历史业务区间保留,"R01 SOURCE_DATASETS; disposition is new design, not production result",fund.company.reported,backend/app/data_store/local_sources.py:NativeSources.iter_entry / RescueSources.iter_entry,backend/app/data_store/adapters/normalize.py:normalize,backend/app/data_store/adapters/registry.py:E41; layout.Layout,reference,,code_implemented_review_pending,"[""source_local_identity_only"", ""observed_time_only"", ""historical_public_time_unverified""]",false
E42,tonghuashun,fund_manager,fund.manager,business,小型当前资料/日历（PG或列式二选一）,身份映射有依据才统一；历史业务区间保留,"R01 SOURCE_DATASETS; disposition is new design, not production result",fund.manager.reported,backend/app/data_store/local_sources.py:NativeSources.iter_entry / RescueSources.iter_entry,backend/app/data_store/adapters/normalize.py:normalize,backend/app/data_store/adapters/registry.py:E42; layout.Layout,reference,,code_implemented_review_pending,"[""source_local_identity_only"", ""observed_time_only"", ""historical_public_time_unverified""]",false
E43,tonghuashun,fund_profile,fund.profile,business,小型当前资料/日历（PG或列式二选一）,身份映射有依据才统一；历史业务区间保留,"R01 SOURCE_DATASETS; disposition is new design, not production result",fund.profile.reported,backend/app/data_store/local_sources.py:NativeSources.iter_entry / RescueSources.iter_entry,backend/app/data_store/adapters/normalize.py:normalize,backend/app/data_store/adapters/registry.py:E43; layout.Layout,reference,,code_implemented_review_pending,"[""source_local_identity_only"", ""observed_time_only"", ""historical_public_time_unverified""]",false
E44,tonghuashun,fund_nav,fund.nav_snapshot,business,类型化时间序列分片，不存完整历史points JSON,窗口拆成业务记录；单份当前值；有效来源先后及缺口语义保留,"R01 SOURCE_DATASETS; disposition is new design, not production result",fund.nav.reported,backend/app/data_store/local_sources.py:NativeSources.iter_entry / RescueSources.iter_entry,backend/app/data_store/adapters/normalize.py:normalize,backend/app/data_store/adapters/registry.py:E44; layout.Layout,series,,code_implemented_review_pending,"[""source_local_identity_only"", ""observed_time_only"", ""historical_public_time_unverified"", ""provider_reported_nav_categories_only"", ""currency_and_share_basis_unverified"", ""adjustment_formula_unverified"", ""cumulative_nav_and_return_derivation_not_supported"", ""rolling_window_not_complete_fund_history""]",false
E45,tonghuashun,hot_list,market.popularity_snapshot,business,当前业务对象/集合；保留真实业务日期，不保留发布版本,复用可证实语义；未证实字段/能力明确受限,"R01 SOURCE_DATASETS; disposition is new design, not production result",market.popularity.reported,backend/app/data_store/local_sources.py:NativeSources.iter_entry / RescueSources.iter_entry,backend/app/data_store/adapters/normalize.py:normalize,backend/app/data_store/adapters/registry.py:E45; layout.Layout,snapshot,,code_implemented_review_pending,"[""source_local_identity_only"", ""observed_time_only"", ""historical_public_time_unverified"", ""provider_returned_list_only"", ""heat_method_unverified"", ""not_complete_market_universe""]",false
E46,tonghuashun,skyrocket,market.rising_popularity_snapshot,business,当前业务对象/集合；保留真实业务日期，不保留发布版本,复用可证实语义；未证实字段/能力明确受限,"R01 SOURCE_DATASETS; disposition is new design, not production result",market.rising_popularity.reported,backend/app/data_store/local_sources.py:NativeSources.iter_entry / RescueSources.iter_entry,backend/app/data_store/adapters/normalize.py:normalize,backend/app/data_store/adapters/registry.py:E46; layout.Layout,snapshot,,code_implemented_review_pending,"[""source_local_identity_only"", ""observed_time_only"", ""historical_public_time_unverified"", ""provider_returned_list_only"", ""heat_method_unverified"", ""not_complete_market_universe""]",false
E47,tonghuashun,hot_history,market.popularity_history_snapshot,business,类型化时间序列分片，不存完整历史points JSON,窗口拆成业务记录；单份当前值；有效来源先后及缺口语义保留,"R01 SOURCE_DATASETS; disposition is new design, not production result",market.popularity_history.reported,backend/app/data_store/local_sources.py:NativeSources.iter_entry / RescueSources.iter_entry,backend/app/data_store/adapters/normalize.py:normalize,backend/app/data_store/adapters/registry.py:E47; layout.Layout,snapshot,,code_implemented_review_pending,"[""source_local_identity_only"", ""observed_time_only"", ""historical_public_time_unverified"", ""provider_returned_list_only"", ""heat_method_unverified"", ""not_complete_market_universe""]",false
E48,tonghuashun,fund_quota_summary,fund.quota_summary_snapshot,business,当前业务对象/集合；保留真实业务日期，不保留发布版本,复用可证实语义；未证实字段/能力明确受限,"R01 SOURCE_DATASETS; disposition is new design, not production result",fund.quota_summary.reported,backend/app/data_store/local_sources.py:NativeSources.iter_entry / RescueSources.iter_entry,backend/app/data_store/adapters/normalize.py:normalize,backend/app/data_store/adapters/registry.py:E48; layout.Layout,snapshot,,code_implemented_review_pending,"[""source_local_identity_only"", ""observed_time_only"", ""historical_public_time_unverified"", ""requested_category_only"", ""quota_currency_units_and_formula_unverified"", ""source_display_text_not_comparable_amounts"", ""current_subscription_eligibility_unverified""]",false
E49,tonghuashun,fund_quota_list,fund.quota_list_snapshot,business,当前业务对象/集合；保留真实业务日期，不保留发布版本,复用可证实语义；未证实字段/能力明确受限,"R01 SOURCE_DATASETS; disposition is new design, not production result",fund.quota_list.reported,backend/app/data_store/local_sources.py:NativeSources.iter_entry / RescueSources.iter_entry,backend/app/data_store/adapters/normalize.py:normalize,backend/app/data_store/adapters/registry.py:E49; layout.Layout,snapshot,,code_implemented_review_pending,"[""source_local_identity_only"", ""observed_time_only"", ""historical_public_time_unverified"", ""requested_category_only"", ""quota_currency_units_and_formula_unverified"", ""source_display_text_not_comparable_amounts"", ""current_subscription_eligibility_unverified""]",false
E50,tonghuashun,stock_daily,market.stock_daily_window,business,类型化时间序列分片，不存完整历史points JSON,窗口拆成业务记录；单份当前值；有效来源先后及缺口语义保留,"R01 SOURCE_DATASETS; disposition is new design, not production result",market.stock_daily.reported,backend/app/data_store/local_sources.py:NativeSources.iter_entry / RescueSources.iter_entry,backend/app/data_store/adapters/normalize.py:normalize,backend/app/data_store/adapters/registry.py:E50; layout.Layout,series,,code_implemented_review_pending,"[""source_local_identity_only"", ""observed_time_only"", ""historical_public_time_unverified"", ""observed_rows_not_full_requested_range"", ""currency_volume_and_turnover_units_unverified"", ""adjustment_anchor_and_formula_unverified"", ""captured_numeric_precision_not_provider_precision""]",false
E51,tonghuashun,etf_daily,market.etf_daily_window,business,类型化时间序列分片，不存完整历史points JSON,窗口拆成业务记录；单份当前值；有效来源先后及缺口语义保留；当前输入是前复权观察，不冒充未复权，锚点限制保留,"R01 SOURCE_DATASETS; disposition is new design, not production result",market.etf_daily.forward_unanchored,backend/app/data_store/local_sources.py:NativeSources.iter_entry / RescueSources.iter_entry,backend/app/data_store/adapters/normalize.py:normalize,backend/app/data_store/adapters/registry.py:E51; layout.Layout,series,,code_implemented_review_pending,"[""source_local_identity_only"", ""observed_time_only"", ""historical_public_time_unverified"", ""observed_rows_not_full_requested_range"", ""currency_volume_and_turnover_units_unverified"", ""adjustment_anchor_and_formula_unverified"", ""captured_numeric_precision_not_provider_precision""]",false
E52,tonghuashun,index_daily,market.index_daily_window,business,类型化时间序列分片，不存完整历史points JSON,窗口拆成业务记录；单份当前值；有效来源先后及缺口语义保留,"R01 SOURCE_DATASETS; disposition is new design, not production result",market.index_daily.reported,backend/app/data_store/local_sources.py:NativeSources.iter_entry / RescueSources.iter_entry,backend/app/data_store/adapters/normalize.py:normalize,backend/app/data_store/adapters/registry.py:E52; layout.Layout,series,,code_implemented_review_pending,"[""source_local_identity_only"", ""observed_time_only"", ""historical_public_time_unverified"", ""observed_rows_not_full_requested_range"", ""currency_volume_and_turnover_units_unverified"", ""adjustment_anchor_and_formula_unverified"", ""captured_numeric_precision_not_provider_precision""]",false
E53,tonghuashun,fund_offerings,fund.offering_snapshot,business,当前业务对象/集合；保留真实业务日期，不保留发布版本,复用可证实语义；未证实字段/能力明确受限,"R01 SOURCE_DATASETS; disposition is new design, not production result",fund.offering.reported,backend/app/data_store/local_sources.py:NativeSources.iter_entry / RescueSources.iter_entry,backend/app/data_store/adapters/normalize.py:normalize,backend/app/data_store/adapters/registry.py:E53; layout.Layout,snapshot,,code_implemented_review_pending,"[""source_local_identity_only"", ""observed_time_only"", ""historical_public_time_unverified"", ""provider_reported_subscription_windows_only"", ""current_subscription_eligibility_unverified""]",false
E54,tonghuashun,fund_manager_experience,fund.manager_experience,business,小型当前资料/日历（PG或列式二选一）,身份映射有依据才统一；历史业务区间保留,"R01 SOURCE_DATASETS; disposition is new design, not production result",fund.manager_experience.reported,backend/app/data_store/local_sources.py:NativeSources.iter_entry / RescueSources.iter_entry,backend/app/data_store/adapters/normalize.py:normalize,backend/app/data_store/adapters/registry.py:E54; layout.Layout,intervals,,code_implemented_review_pending,"[""source_local_identity_only"", ""observed_time_only"", ""historical_public_time_unverified"", ""assignment_effective_dates_unverified"", ""performance_units_unverified""]",false
E55,tonghuashun,calendar,market.calendar,business,小型当前资料/日历（PG或列式二选一）,身份映射有依据才统一；历史业务区间保留,"R01 SOURCE_DATASETS; disposition is new design, not production result",market.calendar.reported,backend/app/data_store/local_sources.py:NativeSources.iter_entry / RescueSources.iter_entry,backend/app/data_store/adapters/normalize.py:normalize,backend/app/data_store/adapters/registry.py:E55; layout.Layout,reference,,code_implemented_review_pending,"[""source_local_identity_only"", ""observed_time_only"", ""historical_public_time_unverified""]",false
E56,tonghuashun,index_catalog,index.category_snapshot,business,小型当前资料/日历（PG或列式二选一）,身份映射有依据才统一；历史业务区间保留,"R01 SOURCE_DATASETS; disposition is new design, not production result",index.category.reported,backend/app/data_store/local_sources.py:NativeSources.iter_entry / RescueSources.iter_entry,backend/app/data_store/adapters/normalize.py:normalize,backend/app/data_store/adapters/registry.py:E56; layout.Layout,snapshot,,code_implemented_review_pending,"[""source_local_identity_only"", ""observed_time_only"", ""historical_public_time_unverified"", ""membership_effective_dates_unverified"", ""provider_reported_set_only""]",false
E57,tonghuashun,index_constituents,index.constituent_snapshot,business,当前业务对象/集合；保留真实业务日期，不保留发布版本,复用可证实语义；未证实字段/能力明确受限,"R01 SOURCE_DATASETS; disposition is new design, not production result",index.constituent.reported,backend/app/data_store/local_sources.py:NativeSources.iter_entry / RescueSources.iter_entry,backend/app/data_store/adapters/normalize.py:normalize,backend/app/data_store/adapters/registry.py:E57; layout.Layout,snapshot,,code_implemented_review_pending,"[""source_local_identity_only"", ""observed_time_only"", ""historical_public_time_unverified"", ""membership_effective_dates_unverified"", ""provider_reported_set_only""]",false
E58,tushare,etf_code_mapping_audits,operations.etf_mapping_audit,source_support,原始证据/审计保留，参与相应业务能力,不为每张来源辅助表再建一套正式副本；没有业务定义不得宣称全部可用,"R01 SOURCE_DATASETS; disposition is new design, not production result",,backend/app/data_store/local_sources.py:NativeSources.iter_entry / RescueSources.iter_entry,backend/app/data_store/pipeline.py:run_local,none: native operational/support only,source_support,E67,code_implemented_review_pending,"[""native_support_not_a_business_copy""]",false
E59,tushare,etf_daily_revision_audits,operations.etf_daily_revision,source_support,原始证据/审计保留，参与相应业务能力,不为每张来源辅助表再建一套正式副本；没有业务定义不得宣称全部可用,"R01 SOURCE_DATASETS; disposition is new design, not production result",,backend/app/data_store/local_sources.py:NativeSources.iter_entry / RescueSources.iter_entry,backend/app/data_store/pipeline.py:run_local,none: native operational/support only,source_support,E70,code_implemented_review_pending,"[""native_support_not_a_business_copy""]",false
E60,tushare,corporate_action_source_facts,operations.corporate_action_source_fact,source_support,原始证据/审计保留，参与相应业务能力,不为每张来源辅助表再建一套正式副本；没有业务定义不得宣称全部可用,"R01 SOURCE_DATASETS; disposition is new design, not production result",,backend/app/data_store/local_sources.py:NativeSources.iter_entry / RescueSources.iter_entry,backend/app/data_store/pipeline.py:run_local,none: native operational/support only,source_support,E61,code_implemented_review_pending,"[""native_support_not_a_business_copy""]",false
E61,tushare,corporate_action_facts,operations.corporate_action_fact,business,当前事件/状态事实；业务键去重,时间/单位/生效含义保留；事件缺失不推断无事件，记录更正替换而非留发布历史,"R01 SOURCE_DATASETS; disposition is new design, not production result",market.corporate_action.local,backend/app/data_store/local_sources.py:NativeSources.iter_entry / RescueSources.iter_entry,backend/app/data_store/adapters/normalize.py:normalize,backend/app/data_store/adapters/registry.py:E61; layout.Layout,table,,code_implemented_review_pending,"[""source_observation_not_public_availability""]",false
E62,tushare,corporate_action_coverage_facts,operations.corporate_action_coverage,source_support,原始证据/审计保留，参与相应业务能力,不为每张来源辅助表再建一套正式副本；没有业务定义不得宣称全部可用,"R01 SOURCE_DATASETS; disposition is new design, not production result",,backend/app/data_store/local_sources.py:NativeSources.iter_entry / RescueSources.iter_entry,backend/app/data_store/pipeline.py:run_local,none: native operational/support only,source_support,E61,code_implemented_review_pending,"[""native_support_not_a_business_copy""]",false
E63,tushare,trading_status_source_facts,operations.trading_status_source_fact,source_support,原始证据/审计保留，参与相应业务能力,不为每张来源辅助表再建一套正式副本；没有业务定义不得宣称全部可用,"R01 SOURCE_DATASETS; disposition is new design, not production result",,backend/app/data_store/local_sources.py:NativeSources.iter_entry / RescueSources.iter_entry,backend/app/data_store/pipeline.py:run_local,none: native operational/support only,source_support,E64,code_implemented_review_pending,"[""native_support_not_a_business_copy""]",false
E64,tushare,trading_status_facts,operations.trading_status_fact,business,当前事件/状态事实；业务键去重,时间/单位/生效含义保留；事件缺失不推断无事件，记录更正替换而非留发布历史,"R01 SOURCE_DATASETS; disposition is new design, not production result",market.trading_status.local,backend/app/data_store/local_sources.py:NativeSources.iter_entry / RescueSources.iter_entry,backend/app/data_store/adapters/normalize.py:normalize,backend/app/data_store/adapters/registry.py:E64; layout.Layout,table,,code_implemented_review_pending,"[""source_observation_not_public_availability""]",false
E65,tushare,trading_status_coverage_facts,operations.trading_status_coverage,source_support,原始证据/审计保留，参与相应业务能力,不为每张来源辅助表再建一套正式副本；没有业务定义不得宣称全部可用,"R01 SOURCE_DATASETS; disposition is new design, not production result",,backend/app/data_store/local_sources.py:NativeSources.iter_entry / RescueSources.iter_entry,backend/app/data_store/pipeline.py:run_local,none: native operational/support only,source_support,E64,code_implemented_review_pending,"[""native_support_not_a_business_copy""]",false
E66,tushare,trading_status_revision_audits,operations.trading_status_revision,source_support,原始证据/审计保留，参与相应业务能力,不为每张来源辅助表再建一套正式副本；没有业务定义不得宣称全部可用,"R01 SOURCE_DATASETS; disposition is new design, not production result",,backend/app/data_store/local_sources.py:NativeSources.iter_entry / RescueSources.iter_entry,backend/app/data_store/pipeline.py:run_local,none: native operational/support only,source_support,E64,code_implemented_review_pending,"[""native_support_not_a_business_copy""]",false
E67,tushare,etf_directory,instrument.reference,business,小型当前资料/日历（PG或列式二选一）,身份映射有依据才统一；历史业务区间保留,"R01 SOURCE_DATASETS; disposition is new design, not production result",instrument.reference.local,backend/app/data_store/local_sources.py:NativeSources.iter_entry / RescueSources.iter_entry,backend/app/data_store/adapters/normalize.py:normalize,backend/app/data_store/adapters/registry.py:E67; layout.Layout,table,,code_implemented_review_pending,"[""source_local_identity_only"", ""observed_time_only"", ""historical_public_time_unverified""]",false
E68,tushare,exchange_calendar,market.calendar,business,小型当前资料/日历（PG或列式二选一）,身份映射有依据才统一；历史业务区间保留,"R01 SOURCE_DATASETS; disposition is new design, not production result",market.calendar.local,backend/app/data_store/local_sources.py:NativeSources.iter_entry / RescueSources.iter_entry,backend/app/data_store/adapters/normalize.py:normalize,backend/app/data_store/adapters/registry.py:E68; layout.Layout,table,,code_implemented_review_pending,"[""source_local_identity_only"", ""observed_time_only"", ""historical_public_time_unverified""]",false
E69,tushare,etf_adjustment_factors,market.adjustment_factor,business,类型化时间序列分片，不存完整历史points JSON,窗口拆成业务记录；单份当前值；有效来源先后及缺口语义保留,"R01 SOURCE_DATASETS; disposition is new design, not production result",market.adjustment_factor.local,backend/app/data_store/local_sources.py:NativeSources.iter_entry / RescueSources.iter_entry,backend/app/data_store/adapters/normalize.py:normalize,backend/app/data_store/adapters/registry.py:E69; layout.Layout,table,,code_implemented_review_pending,"[""source_local_identity_only"", ""observed_time_only"", ""historical_public_time_unverified"", ""adjustment_anchor_unverified"", ""adjusted_price_derivation_not_supported""]",false
E70,tushare,etf_daily,market.fund_daily,business,类型化时间序列分片，不存完整历史points JSON,窗口拆成业务记录；单份当前值；有效来源先后及缺口语义保留,"R01 SOURCE_DATASETS; disposition is new design, not production result",market.fund_daily.local,backend/app/data_store/local_sources.py:NativeSources.iter_entry / RescueSources.iter_entry,backend/app/data_store/adapters/normalize.py:normalize,backend/app/data_store/adapters/registry.py:E70; layout.Layout,table,,code_implemented_review_pending,"[""source_local_identity_only"", ""observed_time_only"", ""historical_public_time_unverified"", ""share_quantity_conversion_not_supported"", ""adjusted_price_derivation_not_supported""]",false
E71,foundation,empty_local_scope,operations.empty_local_scope,remove_operational_pseudodataset,当前数据集空范围状态,不创建正式市场数据，旧空凭据数据丢弃,"R01 SOURCE_DATASETS; disposition is new design, not production result",,backend/app/data_store/local_sources.py:NativeSources.iter_entry / RescueSources.iter_entry,backend/app/data_store/pipeline.py:run_local,none: native operational/support only,remove_operational_pseudodataset,,code_implemented_review_pending,"[""native_support_not_a_business_copy""]",false
