entry_id,classification,dataset,target_entry,selected,latest_input_scope,latest_input_complete,source_rows_processed,normalized_units_processed,input_failures_processed,passes,current_key_count
E01,ingestion_channel,,E50,True,entry,True,0,0,0,0,
E02,ingestion_channel,,E50,True,entry,True,0,0,0,0,
E03,ingestion_channel,,E22,True,entry,True,0,0,0,0,
E04,business,fund.news.reported,,True,entry,True,0,0,0,1,0
E05,business,market.stock_anomaly.reported,,True,entry,True,0,0,0,1,0
E06,business,market.rank_trend.reported,,True,entry,True,0,0,0,1,0
E07,business,fund.reported_holdings.reported,,True,entry,True,0,0,0,1,0
E08,business,fund.reported_stock_holdings.reported,,True,entry,True,0,0,0,1,0
E09,business,fund.reported_bond_holdings.reported,,True,entry,True,0,0,0,1,0
E10,business,market.financial_indicator.reported,,True,entry,True,0,0,0,1,0
E11,business,fund.financial_indicator.reported,,True,entry,True,0,0,0,1,0
E12,business,fund.income.reported,,True,entry,True,0,0,0,1,0
E13,business,fund.balance.reported,,True,entry,True,0,0,0,1,0
E14,business,market.income.reported,,True,entry,True,0,0,0,1,0
E15,business,market.balance.reported,,True,entry,True,0,0,0,1,0
E16,business,market.cash_flow.reported,,True,entry,True,0,0,0,1,0
E17,business,fund.allocation.reported,,True,entry,True,0,0,0,1,0
E18,business,fund.industry.reported,,True,entry,True,0,0,0,1,0
E19,business,fund.holder_composition.reported,,True,entry,True,0,0,0,1,0
E20,business,fund.top_holder.reported,,True,entry,True,0,0,0,1,0
E21,business,fund.dividend.reported,,True,entry,True,0,0,0,1,0
E22,business,market.corporate_action.reported,,True,entry,True,0,0,0,1,0
E23,business,fund.manager_performance.reported,,True,entry,True,0,0,0,1,0
E24,business,fund.manager_style.reported,,True,entry,True,0,0,0,1,0
E25,business,fund.return.reported,,True,entry,True,0,0,0,1,0
E26,business,fund.drawdown.reported,,True,entry,True,0,0,0,1,0
E27,business,fund.performance.reported,,True,entry,True,0,0,0,1,0
E28,business,market.dragon_tiger.reported,,True,entry,True,0,0,0,1,0
E29,business,market.auction.reported,,True,entry,True,0,0,0,1,0
E30,business,market.auction_benchmark.reported,,True,entry,True,0,0,0,1,0
E31,business,market.limit_up.reported,,True,entry,True,0,0,0,1,0
E32,business,market.limit_down.reported,,True,entry,True,0,0,0,1,0
E33,business,market.limit_break.reported,,True,entry,True,0,0,0,1,0
E34,business,market.anomaly.reported,,True,entry,True,0,0,0,1,0
E35,business,market.limit_ladder.reported,,True,entry,True,0,0,0,1,0
E36,business,market.stock_quote.reported,,True,entry,True,0,0,0,1,0
E37,business,market.etf_quote.reported,,True,entry,True,0,0,0,1,0
E38,business,market.index_quote.reported,,True,entry,True,0,0,0,1,0
E39,business,market.stock_valuation.reported,,True,entry,True,0,0,0,1,0
E40,business,instrument.reference.provider_reported,,True,entry,True,0,0,0,1,0
E41,business,fund.company.reported,,True,entry,True,1,1,0,1,1
E42,business,fund.manager.reported,,True,entry,True,0,0,0,1,0
E43,business,fund.profile.reported,,True,entry,True,0,0,0,1,0
E44,business,fund.nav.reported,,True,entry,True,0,0,0,1,0
E45,business,market.popularity.reported,,True,entry,True,0,0,0,1,0
E46,business,market.rising_popularity.reported,,True,entry,True,0,0,0,1,0
E47,business,market.popularity_history.reported,,True,entry,True,0,0,0,1,0
E48,business,fund.quota_summary.reported,,True,entry,True,0,0,0,1,0
E49,business,fund.quota_list.reported,,True,entry,True,0,0,0,1,0
E50,business,market.stock_daily.reported,,True,entry,True,0,0,0,1,0
E51,business,market.etf_daily.forward_unanchored,,True,entry,True,0,0,0,1,0
E52,business,market.index_daily.reported,,True,entry,True,0,0,0,1,0
E53,business,fund.offering.reported,,True,entry,True,0,0,0,1,0
E54,business,fund.manager_experience.reported,,True,entry,True,0,0,0,1,0
E55,business,market.calendar.reported,,True,entry,True,0,0,0,1,0
E56,business,index.category.reported,,True,entry,True,0,0,0,1,0
E57,business,index.constituent.reported,,True,entry,True,0,0,0,1,0
E58,source_support,,E67,True,entry,True,0,0,0,0,
E59,source_support,,E70,True,entry,True,0,0,0,0,
E60,source_support,,E61,True,entry,True,0,0,0,0,
E61,business,market.corporate_action.local,,True,entry,True,0,0,0,1,0
E62,source_support,,E61,True,entry,True,0,0,0,0,
E63,source_support,,E64,True,entry,True,0,0,0,0,
E64,business,market.trading_status.local,,True,entry,True,0,0,0,1,0
E65,source_support,,E64,True,entry,True,0,0,0,0,
E66,source_support,,E64,True,entry,True,0,0,0,0,
E67,business,instrument.reference.local,,True,entry,True,0,0,0,1,0
E68,business,market.calendar.local,,True,entry,True,0,0,0,1,0
E69,business,market.adjustment_factor.local,,True,entry,True,0,0,0,1,0
E70,business,market.fund_daily.local,,True,entry,True,0,0,0,1,0
E71,remove_operational_pseudodataset,,,True,entry,True,0,0,0,0,
